x,y,r (pixel),is_circle,r (um)
798,334,117,yes,91.26
144,524,86,yes,67.08
294,516,62,yes,48.36
548,342,40,yes,31.200000000000003
386,490,34,yes,26.52
158,510,97,no,75.66
802,314,118,no,92.04
244,586,26,yes,20.28
318,652,23,yes,17.94
758,488,14,yes,10.92
400,370,18,yes,14.040000000000001
426,454,22,yes,17.16
366,400,15,yes,11.700000000000001
130,508,65,no,50.7
26,538,18,yes,14.040000000000001
324,328,14,yes,10.92
330,110,14,yes,10.92
818,584,16,yes,12.48
460,474,16,yes,12.48
