index,x,y,r (pixel),is_circle,r (um),probability
9,296,628,237,yes,237,0.1821656050955414
4,246,176,185,yes,185,0.17502668089647813
1,562,312,159,yes,159,0.16741071428571427
0,576,296,138,no,138,0.15
8,296,608,225,no,225,0.1011378002528445
2,262,160,163,no,163,0.07479861910241657
6,282,168,215,no,215,0.06203995793901157
3,600,304,183,no,183,0.04941860465116279
7,242,142,218,no,218,0.04439511653718091
5,556,286,185,no,185,0.02586206896551724
