x,y,r (pixel),is_circle,r (um)
234,426,31,yes,24.18
428,642,42,yes,32.76
640,158,40,yes,31.200000000000003
228,596,30,yes,23.400000000000002
464,58,18,yes,14.040000000000001
788,212,20,yes,15.600000000000001
682,310,18,yes,14.040000000000001
424,122,14,yes,10.92
40,246,14,yes,10.92
434,198,15,yes,11.700000000000001
460,204,15,yes,11.700000000000001
638,90,17,yes,13.26
662,110,11,yes,8.58
630,482,10,yes,7.800000000000001
352,388,10,yes,7.800000000000001
