x,y,r (pixel),is_circle,r (um)
462,448,131,yes,102.18
480,462,134,no,104.52000000000001
554,240,100,yes,78.0
322,142,240,yes,187.20000000000002
776,472,194,yes,151.32
716,276,64,yes,49.92
446,432,127,no,99.06
560,270,102,no,79.56
540,222,77,no,60.06
